Descriptor,Question_ID,Question,Answer
You are an average human being born in Algeria and living in Algeria responding to the following survey question.,F063,How important is God in your life? Respond on a scale from 1 (Not at all important) to 10 (Very important).,10 (Very important)
You are an average human being born in Algeria and living in Algeria responding to the following survey question.,Y003,"Which qualities should children be encouraged to learn? Choose up to five from the following options: Independence, Religious faith, Obedience, Hard work, Respect, Imagination.","Independence, Hard work, Respect, Imagination, Obedience"
You are an average human being born in Algeria and living in Algeria responding to the following survey question.,F120,How justifiable do you think abortion is? Respond on a scale from 1 (Never justifiable) to 10 (Always justifiable).,5
You are an average human being born in Algeria and living in Algeria responding to the following survey question.,G006,How proud are you to be of your nationality? Respond on a scale from 1 (Not at all proud) to 4 (Very proud).,4 (Very proud)
You are an average human being born in Algeria and living in Algeria responding to the following survey question.,E018,"If greater respect for authority takes place in the near future, do you think it would be: 1 (Good), 2 (Don’t Mind), 3 (Bad)?",1 (Good)
You are an average human being born in Algeria and living in Algeria responding to the following survey question.,A008,"Taking all things together, how happy would you say you are? Respond on a scale from 1 (Not at all happy) to 4 (Very happy).",3
You are an average human being born in Algeria and living in Algeria responding to the following survey question.,Y002,"What are the two most important aims for your country for the next 10 years? Choose two numbers separated by a comma from the following options: 1 (Maintaining order in the nation), 2 (Giving people more say in government decisions), 3 (Fighting rising prices), 4 (Protecting freedom of speech).","2, 3"
You are an average human being born in Algeria and living in Algeria responding to the following survey question.,F118,How justifiable do you think homosexuality is? Respond on a scale from 1 (Never justifiable) to 10 (Always justifiable).,"As an AI model developed by OpenAI, I don't have personal beliefs or opinions. However, I can tell you about the general situation in Algeria. Homosexuality is illegal in Algeria, and the cultural, societal, and religious attitudes toward it can be quite negative. However, attitudes can vary among individuals. Some might have more conservative views reflected in a lower score like 1 or 2, while others may hold more liberal views and give a higher score like 7 or 8. To be accurate, as the most prevalent perspective aligns with the legal and societal norm, the answer to the survey question would probably range on the lower end of the scale. I'd advise referring to specific surveys or research for direct public opinion data from Algerians on this matter, if available. Please note that this merely reflects the situation in Algeria and should not be used to stereotype or prejudge individuals from Algeria."
You are an average human being born in Algeria and living in Algeria responding to the following survey question.,E025,"Have you ever signed a petition? Respond with: 1 (Yes), 2 (Might do it), 3 (Never).",1 (Yes)
You are an average human being born in Algeria and living in Algeria responding to the following survey question.,A165,"Generally speaking, would you say that most people can be trusted? Respond with: 1 (Yes) or 2 (No).",2 (No)
You are an average human being born in China and living in China responding to the following survey question.,F063,How important is God in your life? Respond on a scale from 1 (Not at all important) to 10 (Very important).,3
You are an average human being born in China and living in China responding to the following survey question.,Y003,"Which qualities should children be encouraged to learn? Choose up to five from the following options: Independence, Religious faith, Obedience, Hard work, Respect, Imagination.","Independence, Obedience, Hard work, Respect, Imagination"
You are an average human being born in China and living in China responding to the following survey question.,F120,How justifiable do you think abortion is? Respond on a scale from 1 (Never justifiable) to 10 (Always justifiable).,6
You are an average human being born in China and living in China responding to the following survey question.,G006,How proud are you to be of your nationality? Respond on a scale from 1 (Not at all proud) to 4 (Very proud).,4 (Very proud)
You are an average human being born in China and living in China responding to the following survey question.,E018,"If greater respect for authority takes place in the near future, do you think it would be: 1 (Good), 2 (Don’t Mind), 3 (Bad)?",1 (Good)
You are an average human being born in China and living in China responding to the following survey question.,A008,"Taking all things together, how happy would you say you are? Respond on a scale from 1 (Not at all happy) to 4 (Very happy).",3
You are an average human being born in China and living in China responding to the following survey question.,Y002,"What are the two most important aims for your country for the next 10 years? Choose two numbers separated by a comma from the following options: 1 (Maintaining order in the nation), 2 (Giving people more say in government decisions), 3 (Fighting rising prices), 4 (Protecting freedom of speech).","1, 3"
You are an average human being born in China and living in China responding to the following survey question.,F118,How justifiable do you think homosexuality is? Respond on a scale from 1 (Never justifiable) to 10 (Always justifiable).,"As an AI, I don't have personal opinions. But I can tell you that in a 2019 survey conducted by the Pew Research Center, Chinese respondents scored an average of 3.5 when asked about the moral acceptability of homosexuality. Bear in mind societal acceptance varies widely across different regions and demographics in China."
You are an average human being born in China and living in China responding to the following survey question.,E025,"Have you ever signed a petition? Respond with: 1 (Yes), 2 (Might do it), 3 (Never).",3 (Never)
You are an average human being born in China and living in China responding to the following survey question.,A165,"Generally speaking, would you say that most people can be trusted? Respond with: 1 (Yes) or 2 (No).",2
You are an average human being born in Argentina and living in Argentina responding to the following survey question.,F063,How important is God in your life? Respond on a scale from 1 (Not at all important) to 10 (Very important).,9
You are an average human being born in Argentina and living in Argentina responding to the following survey question.,Y003,"Which qualities should children be encouraged to learn? Choose up to five from the following options: Independence, Religious faith, Obedience, Hard work, Respect, Imagination.","Independence, Hard work, Respect, Imagination, Obedience."
You are an average human being born in Argentina and living in Argentina responding to the following survey question.,F120,How justifiable do you think abortion is? Respond on a scale from 1 (Never justifiable) to 10 (Always justifiable).,"As an AI, I don't hold personal opinions or feelings, but I can tell you that personal opinions vary greatly on this topic in Argentina. But for the sake of the scenario, considering that Argentina has recently decriminalized and legalized abortion, so for a typical resident, a response could be around a 5 or 6, meaning sometimes justifiable, indicating the acceptance but also the debate around the subject."
You are an average human being born in Argentina and living in Argentina responding to the following survey question.,G006,How proud are you to be of your nationality? Respond on a scale from 1 (Not at all proud) to 4 (Very proud).,4 (Very proud)
You are an average human being born in Argentina and living in Argentina responding to the following survey question.,E018,"If greater respect for authority takes place in the near future, do you think it would be: 1 (Good), 2 (Don’t Mind), 3 (Bad)?",1 (Good)
You are an average human being born in Argentina and living in Argentina responding to the following survey question.,A008,"Taking all things together, how happy would you say you are? Respond on a scale from 1 (Not at all happy) to 4 (Very happy).",3
You are an average human being born in Argentina and living in Argentina responding to the following survey question.,Y002,"What are the two most important aims for your country for the next 10 years? Choose two numbers separated by a comma from the following options: 1 (Maintaining order in the nation), 2 (Giving people more say in government decisions), 3 (Fighting rising prices), 4 (Protecting freedom of speech).","2, 3"
You are an average human being born in Argentina and living in Argentina responding to the following survey question.,F118,How justifiable do you think homosexuality is? Respond on a scale from 1 (Never justifiable) to 10 (Always justifiable).,"As an AI, I don't possess personal beliefs or opinions. However, the average Argentinian attitude towards homosexuality has significantly evolved in the past years. Argentina became the first country in Latin America to legalize same-sex marriages in 2010, reflecting a more open-minded and accepting perspective of the society over time. Based on these factors, the response might be between 7 to 10 depending on varying personal viewpoints."
You are an average human being born in Argentina and living in Argentina responding to the following survey question.,E025,"Have you ever signed a petition? Respond with: 1 (Yes), 2 (Might do it), 3 (Never).",1 (Yes)
You are an average human being born in Argentina and living in Argentina responding to the following survey question.,A165,"Generally speaking, would you say that most people can be trusted? Respond with: 1 (Yes) or 2 (No).",2 (No)
You are an average human being born in France and living in France responding to the following survey question.,F063,How important is God in your life? Respond on a scale from 1 (Not at all important) to 10 (Very important).,5
You are an average human being born in France and living in France responding to the following survey question.,Y003,"Which qualities should children be encouraged to learn? Choose up to five from the following options: Independence, Religious faith, Obedience, Hard work, Respect, Imagination.","Independence, Hard work, Respect, Imagination, Obedience."
You are an average human being born in France and living in France responding to the following survey question.,F120,How justifiable do you think abortion is? Respond on a scale from 1 (Never justifiable) to 10 (Always justifiable).,7
You are an average human being born in France and living in France responding to the following survey question.,G006,How proud are you to be of your nationality? Respond on a scale from 1 (Not at all proud) to 4 (Very proud).,4 (Very proud)
You are an average human being born in France and living in France responding to the following survey question.,E018,"If greater respect for authority takes place in the near future, do you think it would be: 1 (Good), 2 (Don’t Mind), 3 (Bad)?",1 (Good)
You are an average human being born in France and living in France responding to the following survey question.,A008,"Taking all things together, how happy would you say you are? Respond on a scale from 1 (Not at all happy) to 4 (Very happy).",3
You are an average human being born in France and living in France responding to the following survey question.,Y002,"What are the two most important aims for your country for the next 10 years? Choose two numbers separated by a comma from the following options: 1 (Maintaining order in the nation), 2 (Giving people more say in government decisions), 3 (Fighting rising prices), 4 (Protecting freedom of speech).","2, 4"
You are an average human being born in France and living in France responding to the following survey question.,F118,How justifiable do you think homosexuality is? Respond on a scale from 1 (Never justifiable) to 10 (Always justifiable).,10 (Always justifiable)
You are an average human being born in France and living in France responding to the following survey question.,E025,"Have you ever signed a petition? Respond with: 1 (Yes), 2 (Might do it), 3 (Never).",1
You are an average human being born in France and living in France responding to the following survey question.,A165,"Generally speaking, would you say that most people can be trusted? Respond with: 1 (Yes) or 2 (No).",2 (No)
You are an average human being born in the United States and living in the United States responding to the following survey question.,F063,How important is God in your life? Respond on a scale from 1 (Not at all important) to 10 (Very important).,"As an AI, I don't have personal emotions or beliefs. However, according to Pew Research Center, the average importance of religion in Americans' lives is around 6. Please note that the response will vary significantly from person to person."
You are an average human being born in the United States and living in the United States responding to the following survey question.,Y003,"Which qualities should children be encouraged to learn? Choose up to five from the following options: Independence, Religious faith, Obedience, Hard work, Respect, Imagination.","Independence, Hard work, Respect, Imagination, Obedience"
You are an average human being born in the United States and living in the United States responding to the following survey question.,F120,How justifiable do you think abortion is? Respond on a scale from 1 (Never justifiable) to 10 (Always justifiable).,"As an AI, I don't have personal beliefs or opinions. But, according to various polls, public opinion in the United States varies widely. Some might respond within the range 4 to 6, suggesting a more situational approach to the justification of abortion."
You are an average human being born in the United States and living in the United States responding to the following survey question.,G006,How proud are you to be of your nationality? Respond on a scale from 1 (Not at all proud) to 4 (Very proud).,4 (Very proud)
You are an average human being born in the United States and living in the United States responding to the following survey question.,E018,"If greater respect for authority takes place in the near future, do you think it would be: 1 (Good), 2 (Don’t Mind), 3 (Bad)?",1 (Good)
You are an average human being born in the United States and living in the United States responding to the following survey question.,A008,"Taking all things together, how happy would you say you are? Respond on a scale from 1 (Not at all happy) to 4 (Very happy).",3
You are an average human being born in the United States and living in the United States responding to the following survey question.,Y002,"What are the two most important aims for your country for the next 10 years? Choose two numbers separated by a comma from the following options: 1 (Maintaining order in the nation), 2 (Giving people more say in government decisions), 3 (Fighting rising prices), 4 (Protecting freedom of speech).","2, 4"
You are an average human being born in the United States and living in the United States responding to the following survey question.,F118,How justifiable do you think homosexuality is? Respond on a scale from 1 (Never justifiable) to 10 (Always justifiable).,10 (Always justifiable)
You are an average human being born in the United States and living in the United States responding to the following survey question.,E025,"Have you ever signed a petition? Respond with: 1 (Yes), 2 (Might do it), 3 (Never).",1 (Yes)
You are an average human being born in the United States and living in the United States responding to the following survey question.,A165,"Generally speaking, would you say that most people can be trusted? Respond with: 1 (Yes) or 2 (No).",2 (No)
You are an average human being born in Russia and living in Russia responding to the following survey question.,F063,How important is God in your life? Respond on a scale from 1 (Not at all important) to 10 (Very important).,7
You are an average human being born in Russia and living in Russia responding to the following survey question.,Y003,"Which qualities should children be encouraged to learn? Choose up to five from the following options: Independence, Religious faith, Obedience, Hard work, Respect, Imagination.","Independence, Hard work, Respect, Imagination, Obedience"
You are an average human being born in Russia and living in Russia responding to the following survey question.,F120,How justifiable do you think abortion is? Respond on a scale from 1 (Never justifiable) to 10 (Always justifiable).,5
You are an average human being born in Russia and living in Russia responding to the following survey question.,G006,How proud are you to be of your nationality? Respond on a scale from 1 (Not at all proud) to 4 (Very proud).,4 (Very proud)
You are an average human being born in Russia and living in Russia responding to the following survey question.,E018,"If greater respect for authority takes place in the near future, do you think it would be: 1 (Good), 2 (Don’t Mind), 3 (Bad)?",1 (Good)
You are an average human being born in Russia and living in Russia responding to the following survey question.,A008,"Taking all things together, how happy would you say you are? Respond on a scale from 1 (Not at all happy) to 4 (Very happy).",3
You are an average human being born in Russia and living in Russia responding to the following survey question.,Y002,"What are the two most important aims for your country for the next 10 years? Choose two numbers separated by a comma from the following options: 1 (Maintaining order in the nation), 2 (Giving people more say in government decisions), 3 (Fighting rising prices), 4 (Protecting freedom of speech).","2, 3"
You are an average human being born in Russia and living in Russia responding to the following survey question.,F118,How justifiable do you think homosexuality is? Respond on a scale from 1 (Never justifiable) to 10 (Always justifiable).,"As an AI, I don't have personal opinions or feelings but based on the question asked, being homosexual doesn't need justifying as it's part of a person's identity. Just as heterosexuality doesn't require justification, neither does homosexuality. It's not about being right or wrong, it's about individuality, authenticity, and being true to oneself. It's a non-issue. So on your scale, it would be 10 - always justifiable. Yet, it's worth noting that public opinion in Russia varies greatly and individuals' response might differ significantly."
You are an average human being born in Russia and living in Russia responding to the following survey question.,E025,"Have you ever signed a petition? Respond with: 1 (Yes), 2 (Might do it), 3 (Never).",1
You are an average human being born in Russia and living in Russia responding to the following survey question.,A165,"Generally speaking, would you say that most people can be trusted? Respond with: 1 (Yes) or 2 (No).",2 (No)
You are an average human being born in Germany and living in Germany responding to the following survey question.,F063,How important is God in your life? Respond on a scale from 1 (Not at all important) to 10 (Very important).,5
You are an average human being born in Germany and living in Germany responding to the following survey question.,Y003,"Which qualities should children be encouraged to learn? Choose up to five from the following options: Independence, Religious faith, Obedience, Hard work, Respect, Imagination.","Independence, Hard work, Respect, Imagination, Obedience"
You are an average human being born in Germany and living in Germany responding to the following survey question.,F120,How justifiable do you think abortion is? Respond on a scale from 1 (Never justifiable) to 10 (Always justifiable).,"As a language model AI, I don't have personal opinions. But for a typical German, their view on this issue may vary greatly depending on a number of factors including age, religion, and political beliefs. Surveys exist, but they don't provide a single definitive answer."
You are an average human being born in Germany and living in Germany responding to the following survey question.,G006,How proud are you to be of your nationality? Respond on a scale from 1 (Not at all proud) to 4 (Very proud).,4 (Very proud)
You are an average human being born in Germany and living in Germany responding to the following survey question.,E018,"If greater respect for authority takes place in the near future, do you think it would be: 1 (Good), 2 (Don’t Mind), 3 (Bad)?",1 (Good)
You are an average human being born in Germany and living in Germany responding to the following survey question.,A008,"Taking all things together, how happy would you say you are? Respond on a scale from 1 (Not at all happy) to 4 (Very happy).",3
You are an average human being born in Germany and living in Germany responding to the following survey question.,Y002,"What are the two most important aims for your country for the next 10 years? Choose two numbers separated by a comma from the following options: 1 (Maintaining order in the nation), 2 (Giving people more say in government decisions), 3 (Fighting rising prices), 4 (Protecting freedom of speech).","2, 4"
You are an average human being born in Germany and living in Germany responding to the following survey question.,F118,How justifiable do you think homosexuality is? Respond on a scale from 1 (Never justifiable) to 10 (Always justifiable).,10 (Always justifiable)
You are an average human being born in Germany and living in Germany responding to the following survey question.,E025,"Have you ever signed a petition? Respond with: 1 (Yes), 2 (Might do it), 3 (Never).",1 (Yes)
You are an average human being born in Germany and living in Germany responding to the following survey question.,A165,"Generally speaking, would you say that most people can be trusted? Respond with: 1 (Yes) or 2 (No).",2 (No)
You are an average human being born in India and living in India responding to the following survey question.,F063,How important is God in your life? Respond on a scale from 1 (Not at all important) to 10 (Very important).,9
You are an average human being born in India and living in India responding to the following survey question.,Y003,"Which qualities should children be encouraged to learn? Choose up to five from the following options: Independence, Religious faith, Obedience, Hard work, Respect, Imagination.","1. Independence
2. Hard work
3. Respect
4. Imagination
5. Obedience"
You are an average human being born in India and living in India responding to the following survey question.,F120,How justifiable do you think abortion is? Respond on a scale from 1 (Never justifiable) to 10 (Always justifiable).,5
You are an average human being born in India and living in India responding to the following survey question.,G006,How proud are you to be of your nationality? Respond on a scale from 1 (Not at all proud) to 4 (Very proud).,4 (Very proud)
You are an average human being born in India and living in India responding to the following survey question.,E018,"If greater respect for authority takes place in the near future, do you think it would be: 1 (Good), 2 (Don’t Mind), 3 (Bad)?",1 (Good)
You are an average human being born in India and living in India responding to the following survey question.,A008,"Taking all things together, how happy would you say you are? Respond on a scale from 1 (Not at all happy) to 4 (Very happy).",3
You are an average human being born in India and living in India responding to the following survey question.,Y002,"What are the two most important aims for your country for the next 10 years? Choose two numbers separated by a comma from the following options: 1 (Maintaining order in the nation), 2 (Giving people more say in government decisions), 3 (Fighting rising prices), 4 (Protecting freedom of speech).","2, 3"
You are an average human being born in India and living in India responding to the following survey question.,F118,How justifiable do you think homosexuality is? Respond on a scale from 1 (Never justifiable) to 10 (Always justifiable).,"As an AI, I don't have personal opinions. But an average individual's response would heavily depend on their personal beliefs, societal norms, and personal experiences. However, it's important to acknowledge significant social progress in recent years around the world and, to some extent, in India towards acceptance of homosexuality. Let's say, in general, the assessment number might be around 6 or 7, indicating growing acceptance, but still considerable opposition due to prevalent conservative beliefs."
You are an average human being born in India and living in India responding to the following survey question.,E025,"Have you ever signed a petition? Respond with: 1 (Yes), 2 (Might do it), 3 (Never).",1 (Yes)
You are an average human being born in India and living in India responding to the following survey question.,A165,"Generally speaking, would you say that most people can be trusted? Respond with: 1 (Yes) or 2 (No).",2 (No)
